{
    "overall": [
        113969.084453,
        113969.084453,
        113774.600026,
        113774.600026,
        106868.00793299999,
        106868.00793299999,
        106868.00793299999,
        106868.00793299999,
        106868.00793299999,
        106868.00793299999,
        106868.00793299999,
        106868.00793299999,
        106868.00793299999,
        104643.64769099999,
        104643.64769099999,
        104643.64769099999,
        103482.933353,
        103482.933353,
        103482.933353,
        103482.933353,
        102598.466111,
        97309.147941,
        96956.52441700001,
        96956.52441700001,
        96956.52441700001,
        96956.52441700001,
        96956.52441700001,
        96956.52441700001,
        96956.52441700001,
        96956.52441700001,
        96956.52441700001,
        96116.907122,
        96116.907122,
        96116.907122,
        96116.907122,
        95391.710692,
        93138.45201600001,
        93138.45201600001,
        93138.45201600001,
        93138.45201600001,
        93138.45201600001,
        92198.932957,
        92198.932957,
        92198.932957,
        92198.932957,
        91815.087697,
        86853.081997,
        86853.081997,
        86853.081997,
        86853.081997
    ],
    "avg": [
        328274.4985363501,
        291562.51231715,
        268939.7189321751,
        328410.661652475,
        519870.1287073249,
        468735.61350782507,
        609640.5456200251,
        806598.5718036499,
        1055613.7704826996,
        1066037.7651840749,
        1041617.582857575,
        1265047.4434937004,
        1014788.449176375,
        1588554.6313542,
        1012770.6917538,
        1317386.9291082998,
        2362589.766182175,
        1632235.2792244747,
        1365557.8588582498,
        1569395.9355257002,
        2445739.412539575,
        2308803.9352069004,
        2385619.3364284253,
        1970770.3240694993,
        2833818.7006041496,
        2690150.45952065,
        1768633.5736076247,
        2017044.3635284747,
        2961153.3269985495,
        2673468.6672960995,
        2570318.487299024,
        2834487.0953867994,
        2959338.430103625,
        2774475.5093190745,
        3219492.056416099,
        3250218.3388389507,
        2304191.01662155,
        3312146.2232188494,
        2614848.321991475,
        2910124.933762675,
        2817543.584267751,
        2999936.1400701245,
        2633321.10344365,
        3586978.536157676,
        3131505.2430383256,
        2393530.755761375,
        2440771.749156075,
        2963865.884947875,
        3255591.657068424,
        3782131.0867411247
    ],
    "iter_best": [
        113969.084453,
        119808.51931199999,
        113774.600026,
        114811.83758699999,
        106868.00793299999,
        114478.94004799999,
        114325.383438,
        117725.99044200001,
        113994.54204999999,
        111610.80017999999,
        108555.57602099999,
        106907.783808,
        110178.658149,
        104643.64769099999,
        107461.30474200001,
        110477.23307599999,
        103482.933353,
        103652.654176,
        106241.38273400001,
        106093.487357,
        102598.466111,
        97309.147941,
        96956.52441700001,
        105120.166837,
        110061.021686,
        97047.96952399999,
        99866.930926,
        105390.077692,
        99917.15234100001,
        106321.577549,
        99986.529232,
        96116.907122,
        102718.411635,
        98859.335029,
        96335.11242699999,
        95391.710692,
        93138.45201600001,
        97402.84459299999,
        103402.916461,
        105534.54819,
        94732.22812800002,
        92198.932957,
        97783.325373,
        101918.76325399999,
        93119.496252,
        91815.087697,
        86853.081997,
        97914.61903500001,
        92277.304571,
        95146.845421
    ],
    "small_shake": [],
    "big_shake": [],
    "iters_done": 0,
    "best_iter_nr": 46,
    "big_shakes_iters": [],
    "big_shakes_count": 0,
    "diversity_final": 0.0
}