{
    "overall_best": [
        96792.461377,
        96792.461377,
        96792.461377,
        96792.461377,
        92397.57553300001,
        92397.57553300001,
        92397.57553300001,
        92397.57553300001,
        92397.57553300001,
        92397.57553300001,
        92397.57553300001,
        90253.173775,
        90253.173775,
        90253.173775,
        90253.173775,
        90253.173775,
        90253.173775,
        90253.173775,
        90253.173775,
        90253.173775,
        89191.410246,
        89191.410246,
        89191.410246,
        89191.410246,
        89191.410246,
        89191.410246,
        89191.410246,
        89191.410246,
        89191.410246,
        89191.410246,
        89191.410246,
        89191.410246,
        89191.410246,
        89191.410246,
        89191.410246,
        89191.410246,
        89191.410246,
        89191.410246,
        89191.410246,
        88345.656664,
        88345.656664,
        88345.656664,
        87360.28914,
        86775.594977,
        86775.594977,
        86775.594977,
        86775.594977,
        85449.52584399999,
        85449.52584399999,
        85449.52584399999
    ],
    "avg": [
        113128.063262075,
        114089.48828652501,
        114759.286693725,
        113056.196129875,
        112874.84659832499,
        112353.313419925,
        114657.63661334998,
        114921.287235975,
        113405.41670375,
        112874.529191725,
        112672.767199775,
        110843.08986515,
        114081.2605222,
        111969.502059325,
        113204.76692504999,
        111199.2018604,
        111476.383738975,
        111866.601241575,
        111845.11512232499,
        111288.03779595,
        110722.193651425,
        111254.705095275,
        110814.4929874,
        111274.08760812502,
        111200.45132074998,
        111124.061546875,
        109992.52870177501,
        109406.548768075,
        111898.24911752499,
        108535.46634674999,
        109445.47657132501,
        111254.48070795,
        110734.63548085,
        107994.62238225,
        108267.03060979999,
        109533.55552292502,
        109888.958013825,
        107378.24959704999,
        109683.14714047502,
        109635.8983034,
        110250.95713810001,
        106565.34698290001,
        104878.23889202501,
        105745.62195880001,
        104952.204519575,
        109220.958015175,
        107457.87723082499,
        106596.4060921,
        108037.955090575,
        107609.75602519998
    ],
    "iter_best": [
        96792.461377,
        101246.64765699998,
        101008.15628400001,
        98314.313451,
        92397.57553300001,
        95858.58591299999,
        96455.19699200001,
        97217.975256,
        98022.181577,
        98499.880349,
        93120.30738299999,
        90253.173775,
        101013.30204899999,
        96630.59278499999,
        92620.50964899999,
        93022.123146,
        94962.472716,
        100382.82573899999,
        90398.33846199999,
        98019.220478,
        89191.410246,
        96973.953385,
        97154.16719800001,
        96044.91469599999,
        94953.423423,
        90375.108866,
        96280.725377,
        90060.51896700001,
        96549.238898,
        90467.85578700001,
        90067.911267,
        97383.341211,
        92228.786189,
        90280.888934,
        91631.092408,
        92153.54172600001,
        89624.556442,
        92021.75802099999,
        89228.584197,
        88345.656664,
        89649.31856400002,
        92059.878375,
        87360.28914,
        86775.594977,
        88891.23764400001,
        89332.41683500001,
        93098.334193,
        85449.52584399999,
        91177.850141,
        90897.39959300001
    ],
    "small_shake": [],
    "big_shake": [],
    "iters_done": 0,
    "best_iter_nr": 47,
    "big_shakes_iters": [],
    "big_shakes_count": 0,
    "diversity_final": 0.0
}