{
    "overall": [
        96792.461377,
        96792.461377,
        96792.461377,
        95770.582488,
        94368.784692,
        93281.950136,
        93281.950136,
        93281.950136,
        93281.950136,
        93281.950136,
        93281.950136,
        93281.950136,
        93281.950136,
        93281.950136,
        93281.950136,
        93281.950136,
        93281.950136,
        93281.950136,
        93281.950136,
        93281.950136,
        93281.950136,
        93281.950136,
        93281.950136,
        93281.950136,
        93281.950136,
        93281.950136,
        93281.950136,
        92577.16853799998,
        89072.612712,
        89072.612712,
        89072.612712,
        89072.612712,
        89072.612712,
        89072.612712,
        89072.612712,
        89072.612712,
        89072.612712,
        89072.612712,
        89072.612712,
        82129.482188,
        82129.482188,
        82129.482188,
        82129.482188,
        82129.482188,
        82129.482188,
        82129.482188,
        82129.482188,
        82129.482188,
        82129.482188,
        82129.482188
    ],
    "avg": [
        113128.06326207503,
        114365.340560825,
        113874.68400282502,
        112041.816833025,
        114870.832743,
        110517.97907597499,
        113409.14537067497,
        111523.01354400002,
        112070.565928,
        112291.48780322501,
        113175.06034899999,
        113170.83776015001,
        112667.04303434996,
        108586.80493999997,
        114075.57882660002,
        111869.70974325,
        111147.92914040005,
        112909.28504415,
        111913.51112894998,
        113055.04325045,
        110050.95177292501,
        110536.45333740002,
        110746.53229562499,
        111385.70393447501,
        111049.18040407498,
        112014.27684307501,
        111712.15560029997,
        110759.42490447503,
        112490.87937709999,
        111535.02587834999,
        111440.69000317498,
        110460.64422409997,
        110044.97625182502,
        110896.366483525,
        109341.01166279995,
        110622.93620492499,
        110683.19763904999,
        111525.77844975,
        111470.024183525,
        108593.652712,
        109116.33636429999,
        108344.43132535003,
        108743.38215165,
        109709.36431924999,
        110853.78912985003,
        107242.644786125,
        106724.82366724999,
        109025.92712874999,
        108505.03051177501,
        108338.24331419996
    ],
    "iter_best": [
        96792.461377,
        97125.401548,
        101682.55690799998,
        95770.582488,
        94368.784692,
        93281.950136,
        100838.16126699999,
        94700.80190600001,
        99106.414467,
        97314.493458,
        97026.383141,
        96488.687915,
        97879.36861499998,
        94225.48127399999,
        99555.940741,
        101861.174935,
        97927.899833,
        98864.21066699999,
        98106.083529,
        95211.603134,
        95036.030657,
        98203.528162,
        94572.240409,
        98326.908202,
        96728.033899,
        95277.756222,
        98200.01205299998,
        92577.16853799998,
        89072.612712,
        89941.86515900001,
        92970.788661,
        94950.593802,
        89271.396614,
        93316.923364,
        89956.968195,
        97178.45615700001,
        96955.95138399999,
        90189.08162200001,
        99980.65065899999,
        82129.482188,
        91993.266227,
        87391.997659,
        86761.626974,
        86712.070709,
        92996.456868,
        82867.777862,
        82129.482188,
        85186.42325299999,
        84183.872213,
        85783.179395
    ],
    "small_shake": [],
    "big_shake": []
}